{"The": {"NOUN": 0.0, "PUNCT": 0.0, "VERB": 0.0, "PRON": 0.0003767694709080144, "ADP": 5.674402769108551e-05, "DET": 0.5566130418764583, "PROPN": 0.0, "ADJ": 0.0, "AUX": 0.0, "ADV": 0.0001895195678953852, "CCONJ": 0.0, "PART": 0.00017962996227770793, "NUM": 0.0, "SCONJ": 0.0, "X": 0.0, "INTJ": 0.0, "SYM": 0.0}, "black": {"NOUN": 2.875711738655317e-05, "PUNCT": 0.0, "VERB": 0.0, "PRON": 0.0, "ADP": 0.0, "DET": 0.0, "PROPN": 0.00015451174289245981, "ADJ": 0.0020025632809996794, "AUX": 0.0, "ADV": 0.0, "CCONJ": 0.0, "PART": 0.0, "NUM": 0.0, "SCONJ": 0.0, "X": 0.0, "INTJ": 0.0, "SYM": 0.0}, "droid": {"NOUN": 0.058823529411764705, "PUNCT": 0.058823529411764705, "VERB": 0.058823529411764705, "PRON": 0.058823529411764705, "ADP": 0.058823529411764705, "DET": 0.058823529411764705, "PROPN": 0.058823529411764705, "ADJ": 0.058823529411764705, "AUX": 0.058823529411764705, "ADV": 0.058823529411764705, "CCONJ": 0.058823529411764705, "PART": 0.058823529411764705, "NUM": 0.058823529411764705, "SCONJ": 0.058823529411764705, "X": 0.058823529411764705, "INTJ": 0.058823529411764705, "SYM": 0.058823529411764705}, "then": {"NOUN": 0.0, "PUNCT": 0.0, "VERB": 0.0, "PRON": 5.3824210129716346e-05, "ADP": 0.00022697611076434205, "DET": 6.140243153628883e-05, "PROPN": 0.0, "ADJ": 0.0, "AUX": 0.0, "ADV": 0.021699990524021606, "CCONJ": 0.0, "PART": 0.0, "NUM": 0.0, "SCONJ": 0.0005196154845414394, "X": 0.0, "INTJ": 0.0, "SYM": 0.0}, "lowers": {"NOUN": 0.058823529411764705, "PUNCT": 0.058823529411764705, "VERB": 0.058823529411764705, "PRON": 0.058823529411764705, "ADP": 0.058823529411764705, "DET": 0.058823529411764705, "PROPN": 0.058823529411764705, "ADJ": 0.058823529411764705, "AUX": 0.058823529411764705, "ADV": 0.058823529411764705, "CCONJ": 0.058823529411764705, "PART": 0.058823529411764705, "NUM": 0.058823529411764705, "SCONJ": 0.058823529411764705, "X": 0.058823529411764705, "INTJ": 0.058823529411764705, "SYM": 0.058823529411764705}, "Vader": {"NOUN": 0.058823529411764705, "PUNCT": 0.058823529411764705, "VERB": 0.058823529411764705, "PRON": 0.058823529411764705, "ADP": 0.058823529411764705, "DET": 0.058823529411764705, "PROPN": 0.058823529411764705, "ADJ": 0.058823529411764705, "AUX": 0.058823529411764705, "ADV": 0.058823529411764705, "CCONJ": 0.058823529411764705, "PART": 0.058823529411764705, "NUM": 0.058823529411764705, "SCONJ": 0.058823529411764705, "X": 0.058823529411764705, "INTJ": 0.058823529411764705, "SYM": 0.058823529411764705}, "'s": {"NOUN": 0.0, "PUNCT": 0.0, "VERB": 0.0018664004514084812, "PRON": 0.0006997147316863125, "ADP": 0.0, "DET": 0.0, "PROPN": 0.0, "ADJ": 0.0, "AUX": 0.024461128602567207, "ADV": 0.0, "CCONJ": 0.0, "PART": 0.09879647925273936, "NUM": 0.0, "SCONJ": 0.0, "X": 0.0, "INTJ": 0.0, "SYM": 0.0}, "mask": {"NOUN": 0.0, "PUNCT": 0.0, "VERB": 4.3404661660662356e-05, "PRON": 0.0, "ADP": 0.0, "DET": 0.0, "PROPN": 0.0, "ADJ": 0.0, "AUX": 0.0, "ADV": 0.0, "CCONJ": 0.0, "PART": 0.0, "NUM": 0.0, "SCONJ": 0.0, "X": 0.0, "INTJ": 0.0, "SYM": 0.0}, "and": {"NOUN": 0.0, "PUNCT": 0.0, "VERB": 0.0, "PRON": 0.0, "ADP": 0.00011348805538217103, "DET": 0.00024560972614515533, "PROPN": 0.0, "ADJ": 0.0, "AUX": 0.0, "ADV": 0.0, "CCONJ": 0.7439988072163412, "PART": 0.0, "NUM": 0.0, "SCONJ": 0.0, "X": 0.0070838252656434475, "INTJ": 0.0, "SYM": 0.0}, "helmet": {"NOUN": 0.058823529411764705, "PUNCT": 0.058823529411764705, "VERB": 0.058823529411764705, "PRON": 0.058823529411764705, "ADP": 0.058823529411764705, "DET": 0.058823529411764705, "PROPN": 0.058823529411764705, "ADJ": 0.058823529411764705, "AUX": 0.058823529411764705, "ADV": 0.058823529411764705, "CCONJ": 0.058823529411764705, "PART": 0.058823529411764705, "NUM": 0.058823529411764705, "SCONJ": 0.058823529411764705, "X": 0.058823529411764705, "INTJ": 0.058823529411764705, "SYM": 0.058823529411764705}, "onto": {"NOUN": 0.0, "PUNCT": 0.0, "VERB": 0.0, "PRON": 0.0, "ADP": 0.0003972081938375986, "DET": 0.0, "PROPN": 0.0, "ADJ": 0.0, "AUX": 0.0, "ADV": 0.0, "CCONJ": 0.0, "PART": 0.0, "NUM": 0.0, "SCONJ": 0.0, "X": 0.0, "INTJ": 0.0, "SYM": 0.0}, "his": {"NOUN": 0.0, "PUNCT": 0.0, "VERB": 0.0, "PRON": 0.02077614511007051, "ADP": 0.0, "DET": 6.140243153628883e-05, "PROPN": 0.0, "ADJ": 0.0, "AUX": 0.0, "ADV": 0.0, "CCONJ": 0.0, "PART": 0.0, "NUM": 0.0, "SCONJ": 0.0, "X": 0.0, "INTJ": 0.0, "SYM": 0.0}, "head": {"NOUN": 0.0009489848737562547, "PUNCT": 0.0, "VERB": 8.680932332132471e-05, "PRON": 0.0, "ADP": 0.0, "DET": 0.0, "PROPN": 0.0, "ADJ": 0.0, "AUX": 0.0, "ADV": 0.0, "CCONJ": 0.0, "PART": 0.0, "NUM": 0.0, "SCONJ": 0.0, "X": 0.0, "INTJ": 0.0, "SYM": 0.0}, "These": {"NOUN": 0.0, "PUNCT": 0.0, "VERB": 0.0, "PRON": 0.0015070778836320576, "ADP": 0.0, "DET": 0.010438413361169102, "PROPN": 0.0, "ADJ": 0.0, "AUX": 0.0, "ADV": 0.0, "CCONJ": 0.0, "PART": 0.0, "NUM": 0.0, "SCONJ": 0.0, "X": 0.0, "INTJ": 0.0, "SYM": 0.0}, "are": {"NOUN": 0.0, "PUNCT": 0.0, "VERB": 0.005859629324189418, "PRON": 0.0, "ADP": 0.0, "DET": 0.0, "PROPN": 0.0, "ADJ": 0.0, "AUX": 0.0797610397997901, "ADV": 0.0, "CCONJ": 0.0, "PART": 0.0, "NUM": 0.0, "SCONJ": 0.0, "X": 0.0, "INTJ": 0.0, "SYM": 0.0}, "not": {"NOUN": 0.0, "PUNCT": 0.0, "VERB": 0.0, "PRON": 0.0, "ADP": 0.0, "DET": 0.0, "PROPN": 0.0, "ADJ": 0.0, "AUX": 0.0, "ADV": 0.015161565431630816, "CCONJ": 0.0020873714030117787, "PART": 0.15609843721932817, "NUM": 0.0, "SCONJ": 0.0, "X": 0.0, "INTJ": 0.0, "SYM": 0.0}, "the": {"NOUN": 0.0, "PUNCT": 0.0, "VERB": 0.0, "PRON": 0.0003767694709080144, "ADP": 5.674402769108551e-05, "DET": 0.5566130418764583, "PROPN": 0.0, "ADJ": 0.0, "AUX": 0.0, "ADV": 0.0001895195678953852, "CCONJ": 0.0, "PART": 0.00017962996227770793, "NUM": 0.0, "SCONJ": 0.0, "X": 0.0, "INTJ": 0.0, "SYM": 0.0}, "droids": {"NOUN": 0.058823529411764705, "PUNCT": 0.058823529411764705, "VERB": 0.058823529411764705, "PRON": 0.058823529411764705, "ADP": 0.058823529411764705, "DET": 0.058823529411764705, "PROPN": 0.058823529411764705, "ADJ": 0.058823529411764705, "AUX": 0.058823529411764705, "ADV": 0.058823529411764705, "CCONJ": 0.058823529411764705, "PART": 0.058823529411764705, "NUM": 0.058823529411764705, "SCONJ": 0.058823529411764705, "X": 0.058823529411764705, "INTJ": 0.058823529411764705, "SYM": 0.058823529411764705}, "you": {"NOUN": 2.875711738655317e-05, "PUNCT": 0.0, "VERB": 0.0, "PRON": 0.11588352440927929, "ADP": 0.0, "DET": 0.0, "PROPN": 0.00015451174289245981, "ADJ": 0.0, "AUX": 0.0, "ADV": 0.0, "CCONJ": 0.0, "PART": 0.0, "NUM": 0.0, "SCONJ": 0.0, "X": 0.0, "INTJ": 0.0, "SYM": 0.0}, "'re": {"NOUN": 0.0, "PUNCT": 0.0, "VERB": 0.0, "PRON": 0.0, "ADP": 0.0, "DET": 0.0, "PROPN": 0.0, "ADJ": 0.0, "AUX": 0.00815370953418907, "ADV": 0.0, "CCONJ": 0.0, "PART": 0.0, "NUM": 0.0, "SCONJ": 0.0, "X": 0.0, "INTJ": 0.0, "SYM": 0.0}, "looking": {"NOUN": 0.0, "PUNCT": 0.0, "VERB": 0.003645991579495638, "PRON": 0.0, "ADP": 0.0, "DET": 0.0, "PROPN": 0.0, "ADJ": 0.0, "AUX": 0.0, "ADV": 0.0, "CCONJ": 0.0, "PART": 0.0, "NUM": 0.0, "SCONJ": 0.0, "X": 0.0, "INTJ": 0.0, "SYM": 0.0}, "for": {"NOUN": 0.0, "PUNCT": 0.0, "VERB": 0.0, "PRON": 0.0, "ADP": 0.09618112693638994, "DET": 0.0, "PROPN": 0.0, "ADJ": 0.0, "AUX": 0.0, "ADV": 9.47597839476926e-05, "CCONJ": 0.0008945877441479052, "PART": 0.0, "NUM": 0.0, "SCONJ": 0.03533385294881788, "X": 0.004722550177095631, "INTJ": 0.0, "SYM": 0.0}, "Your": {"NOUN": 0.0, "PUNCT": 0.0, "VERB": 0.0, "PRON": 0.0365466386780774, "ADP": 0.0, "DET": 0.0, "PROPN": 0.0, "ADJ": 0.0, "AUX": 0.0, "ADV": 0.0, "CCONJ": 0.0, "PART": 0.0, "NUM": 0.0, "SCONJ": 0.0, "X": 0.0011806375442739079, "INTJ": 0.0, "SYM": 0.0}, "friends": {"NOUN": 0.0013803416345545523, "PUNCT": 0.0, "VERB": 0.0, "PRON": 0.0, "ADP": 0.0, "DET": 0.0, "PROPN": 7.725587144622991e-05, "ADJ": 0.0, "AUX": 0.0, "ADV": 0.0, "CCONJ": 0.0, "PART": 0.0, "NUM": 0.0, "SCONJ": 0.0, "X": 0.0, "INTJ": 0.0, "SYM": 0.0}, "may": {"NOUN": 0.0, "PUNCT": 0.0, "VERB": 0.0, "PRON": 0.0, "ADP": 0.0, "DET": 0.0, "PROPN": 0.004094561186650186, "ADJ": 0.0, "AUX": 0.015015742310486802, "ADV": 0.0, "CCONJ": 0.0, "PART": 0.0, "NUM": 0.0, "SCONJ": 0.0,